https://static.servaid.com.pk/product/bulk/001972.jpg,Actidil 60ML Elixir,"Triprolidine
Brookes",Rs. 23.22/Pack,"Actidil Syrup formula includes Triprolidine Hydrochloride. This triprolidine hydrochloride is also known as its active ingredient. It has a strength of 1.25MG per 5ML. Actidil Syrup blocks the acetylcholine present in the body. 

READ MORE","
Tell your doctor if you are allergic to any medicine before this helps the doctor know your medical history. Actidil will take early 4 to 5 hours to get into action. Always take your medicine with some supplement. Taking medicines empty stomach can make you get sick, and the stomach is directly affected. This syrup should be kept in a tightly sealed container with temperatures 15-degree centigrade to 30-degree centigrade.Do not use alcohol if you are taking this syrup because along with alcohol, the impact of this syrup will result in drowsiness and dizziness.  In pregnancy or breastfeeding, take your doctor's advice.
","
In some people, the side effects of actidil syrup are none, but in some cases, there are a few side effects that were noticed. The symptoms associated with this medicine are very common and easy to tackle. These side effects are dizziness, drowsiness, dry mouth, throat, and nose. This can also cause excitability, thickening of mucus in the nose or throat. In some very sensitive people, there are some serious side effects that can be seen. These side effects include sore throat, severe fever, getting fatigued without doing anything, numbness, abnormal bleeding. If any of you feel any serious symptoms call or visit your doctor immediately. Ignorance in such cases can lead to serious health issues.
",1,1000,26
https://static.servaid.com.pk/product/bulk/008640.jpg,Gixer 60ML Syp,"Cetirizine
Barrett",Rs. 38.99/Pack,"Generic Name or FormulaGixer 60ml syrup contains the active ingredient €œcetirizine HCL (hydrochloride)€ that is used to treat a broad range of allergic conditions.
Gixer Syrup is Used for
Cetrizine is an anti-histamine drug that helps to re READ MORE","
Itas suggested to take extra care when giving Gixer (cetirizine) medication to a child having a history of kidney disease, liver disease, and heart problems.Although, cetirizine 5mg/5ml syrup is a well-tolerated drug for children (when taken in recommended dose).Always consult a healthcare provider, doctor, physician, or pharmacist before any kind of prescription drugs. We discourage self-medication and try to provide authentic information for our customers related to medicines.
","
Cetrizine (anti-histamine) effectively treats allergies in babies but in some cases, it may show adverse effects.Gixer syrup 60ml (by Barrett Hodgson Pharmaceuticals) can cause the following side effects and adverse reactions in children;DrowsinessMay severe the underlying conditions i.e watery eyes, rashes, itching, etcDifficulty in breathingDifficulty in urinationAbdominal painBloating/gas/indigestionVomiting and Nausea, etcIf you see any of these unwanted consequences in the child after giving cetirizine 60ml syrup, immediately discontinue the medication and seek a healthcare service.
",1,1000,26
https://static.servaid.com.pk/product/bulk/039845.jpg,Leviva 60ML Syp,"Levocetirizine dihydrochloride
General",Rs. 41.4/Pack,"Leviva syrup contains an active ingredient ""levocetirizine HCL"" which is an antihistamine drug and used to treat allergies.","
Keep it out of the reach of children. Store it below the room temperature i.e. below 25 degrees Celsius. Consult a doctor if you’re hypersensitive to any of its ingredients. Do not take overdose, always take it in a recommended dose.
","
No side effects are reported. Consult a doctor if it causes digestive problems i.e. gas, bloating, abdominal pain, GERD (gastroesophageal reflux disease), vomiting, nausea, or diarrhea, etc. Allergic reactions may occur i.e. skin itching, rashes, irritations, redness, & inflammation/swelling, etc. Other effects are drowsiness, dizziness, sleepiness, headache, etc.
",1,1000,26
https://static.servaid.com.pk/product/bulk/002509.jpg,Phenergan 120ML Elixir,"Promethazine HCl
Sanofi",Rs. 41.91/Pack,"Phenergan syrup is an antihistamine indicated to treat allergic reactions or hypersensitivity. It comes with the generic name of 'promethazine' and belongs to the group of drug class 'phenothiazine antiemetics.' The syrup alters the actions of ce

READ MORE","
The precautions are necessary to scrutinize before taking any syrup. The precautions of Phenergan syrup are listed below.It is not recommended to use the Phenergan syrup if you are hypersensitive to its active or inactive ingredients.Inform your doctor of your medical history.Avoid using the Phenergan syrup if you have uncontrol movements of any body part like eyes, arms, or legs.Avoid driving or using machines as it causes dizziness and sleepiness.Do not drink alcohol while using the Phenergan syrup.Inform your doctor of your previously prescribed medication to avoid drugs interaction.The medicine is not recommended for children under 2 years of age as it can result in bronchospasm.Do not use Phenergan syrup if you are suffering from a respiratory disorder, asthma, or obstructive pulmonary disease. Inform your doctor prior to using the Phenergan syrup if you have a history of seizures.Do not use the medication without a doctor's prescription if you have an eye disorder like glaucoma.Inform your doctor if you have liver or kidney-associated problems.Notify your doctor if you have a weaker immune system.Enlarged prostate and stomach ulcer conditions must be told to your physician before using Phenergan syrup.Do not use the syrup if you are a patient of a cardiac disorder.Do not use Phenergan syrup if you are pregnant or planning to be, as it can affect the fetus.Do not use syrup if you are breastfeeding.Place the medication in a safe place.Keep Phenergan syrup away from the reach of children.Tell your doctor/Pharmacist your medical history of, Asthma, Chronic obstructive pulmonary disease-COPD, Sleep apnea, Bone marrow depression, Glaucoma, Irregular heartbeat, Hypertension, Liver disease, Neuroleptic malignant syndrome, Reye's syndrome, Seizures, Blockage, Ulcer, Hyperthyroidism, Difficulty urinating due to enlarged prostate.
","
Phenergan syrup can cause some minor and major side effects. It is not necessary that the patient will experience all of them. The possible Phenergan syrup side effects are described below.Extreme drowsiness.Difficulty in breathing;Lightheaded feeling and headache.Confusion. Agitation. Hallucinations. Nightmares.Seizure or convulsions.Irregular heartbeats.Jaundice resulting in yellowness of the skin or eyes.Unrestrained muscle movements of the face, lips, smacking tongue, eyes blinking, or frowning.Easy bruising and bleeding like nose bleeding or bleeding gums.Fatigue and weakness.Ill feeling.Fever and chills. Sore throat and mouth sores. Red and swollen gums.Trouble swallowing.Rigid muscles.Sweating.Confusion, drowsiness, dizziness is most common among adults.Some Common Phenergan syrup side effects seen in many people include the following:Drowsiness and dizziness;ringing or voices in ears.Double vision.Feeling nervous.Dry mouth.Feeling of tiredness.Sleeping problems (insomnia).Inform your doctor straight away if you encounter prolonged and severe adverse effects.
",1,1000,26
https://static.servaid.com.pk/product/bulk/002484.jpg,Atarax 10MG Tab 2x25 (L),"Hydroxyzine
AGP",Rs. 43/Pack,"Atarax is used to relieve anxiety and stress as a sedative. It is sometimes used in combination with other anesthesia drugs.

Atarax is also used to treat allergic reactions of the skin, including hives or dermatitis of touch.

Atarax c

READ MORE","
This medication will make your vision fuzzy or dizzy. You can get dizzy or drowsy with alcohol or marijuana (cannabis). Don’t drive, use or do something that is warning or obvious before you can safely do it. Stop drinks of alcohol. Speak if you use marijuana to your doctor (cannabis) Ask your dentist or doctor any questions you need to be answered before getting surgery (including prescription drugs, nonprescription drugs, and herbal products).Inform your doctor if you have any other allergies before using hydroxyzine. The inactive ingredients that may cause allergic reactions or other problems are present in this product. For more info, talk to your pharmacist.Before taking this drug, inform your pharmacist about your medical health condition, in particular: breathing difficulties, eye high pressure (glaucoma), blood pressure, hepatitis problems, hepatitis problems, epilepsy, stomach / intestinal problems (e.g., ulcers)Hydroxyzine may cause a heart rhythm disorder (QT prolongation). Extended QT rarely can lead to symptoms that require medical attention immediately (such as severe dizziness, fainting).
","
Dizziness, blurred vision, constipation, or dry mouth can be present. Inform your doctor asap if your side effects worsen. Obtain medical attention immediately if you have significant side effects such as seizures, heartbeats, excessive dizziness, fainting.It is unusual for this medication to be a very severe allergic reaction. If you see signs of a serious allergic reaction such as a rash, itching/sweating, severe dizziness, trouble breathing, you should get medical help straight away. You may have some kind of symptoms. Sugar or alcohol can be found in liquid goods. We warn you to be vigilant if you have diabetes, liver-related issues, or some other disorder requiring you to keep these substances in your food intake. Query your pharmacist or doctor about the safe use of this medication.Kids may be more vulnerable to this drug’s side effects. This medication will also excite young children rather than induce sleepiness. This list of potential side effects is not complete. Please contact your doctor or pharmacist if you find other effects not mentioned above. 
",1,1000,26
https://static.servaid.com.pk/product/bulk/013650.jpg,Neo-Sedil 60ML Syp,"Levocetirizine
Helix",Rs. 48.91/Pack,"The Neo Sedil syrup is used to treat seizures, allergies, and inflammation in the nasal. The ingredient which is used in this syrup is Levocetirizine Dihydrochloride.The drug class or category of this drug is anti-allergic. The generic category o

READ MORE","
Before using this medicine, it is very important to consult a doctor first and share the medical history or any current health condition like any disease or pregnancy.Th patient who are hypersensitive should be careful while using this drug as it contains some inactive ingredient which may cause a serious allergic reaction.This drug ought to be used with cautions, especially the patients with epilepsy (seizures), urination problem and kidney problems (renal insufficiency).
","
Every medicine has its benefits and side effects. Some of them are rare, but some are very serious. It is not necessary that it occurs every time, but it may occur. Some of the side effects which may occur are:FeverTirednessCoughDry mouthSleepinessSore throatNasopharyngitis (inflammation and redness of throat and mouth)Bleeding of noseDrowsinessDizzinessKidney problems.Changes of moodsBreathing problemsChanges in the amount of urinateTrouble urinatingBlood in the urineThe more common side effects that can occur in children age from 1 to 5 years include:Ear infectionsFeverVomitingDiarrhoeaSome of the side effects which may occur in children's age 6 to 11 months are: ConstipationDiarrhoeaSome of the serious side effects which may occur:Allergic reactionsRashItching of skinSwelling of throat, tongue, lips, and face.HivesKidney problemsChanges in the amount of urinateTrouble urinatingBlood in the urineVision problems (blurry vision)Immediately consult a doctor if any of these problems gets worse or unstable.
",1,1000,26
https://static.servaid.com.pk/product/bulk/039846.jpg,Leviva 5MG Tab 1x10 (L),"Levocetirizine dihydrochloride
Horizon",Rs. 50.8/Pack,"Leviva 5mg tablets contain an active ingredient ""levocetirizine HCL"" which is an antihistamine drug and used to treat allergies.","
Keep it out of the reach of children. Store it below the room temperature i.e. below 25 degrees Celsius. Consult a doctor if you’re hypersensitive to any of its ingredients. Do not take overdose, always take it in a recommended dose.
","
No side effects are reported. Consult a doctor if it causes digestive problems i.e. gas, bloating, abdominal pain, GERD (gastroesophageal reflux disease), vomiting, nausea, or diarrhea, etc. Allergic reactions may occur i.e. skin itching, rashes, irritations, redness, & inflammation/swelling, etc. Other effects are drowsiness, dizziness, sleepiness, headache, etc.
",1,1000,26
https://static.servaid.com.pk/product/bulk/037104.jpg,Z-Tek 10MG Tab 1x10 (L),"Cetirizine
Pakheim",Rs. 55.8/Pack,"It is used to treat Allergies such as watery eyes, runny nose, itching eyes/nose, sneezing, hives, and itching.","
Use with caution having difficulty urinating (due to an enlarged prostate), Kidney disease, Liver disease, Glaucoma or while using (MAO inhibitors). It is not recommended if hypersenstive to the ingredients.
","
Drowsiness, tiredness, Dry mouth, Stomach pain.
",1,1000,26
https://static.servaid.com.pk/product/bulk/003511.jpg,Sedil 10MG Tab 1x10 (L),"Cetirizine
Sami",Rs. 56.7/Pack,"It is used to treat Allergies such as watery eyes, runny nose, itching eyes/nose, sneezing, hives, and itching.","
Use with caution having difficulty urinating (due to an enlarged prostate), Kidney disease, Liver disease, Glaucoma or while using (MAO inhibitors). It is not recommended if hypersenstive to the ingredients.
","
Drowsiness, tiredness, Dry mouth, Stomach pain.
",1,1000,26
https://static.servaid.com.pk/product/bulk/008641.jpg,Gixer 10MG Tab 1x10 (L),"Cetirizine
Barrett",Rs. 56.7/Pack,"It is used to treat Allergies such as watery eyes, runny nose, itching eyes/nose, sneezing, hives, and itching.","
Use with caution having difficulty urinating (due to an enlarged prostate), Kidney disease, Liver disease, Glaucoma or while using (MAO inhibitors). It is not recommended if hypersenstive to the ingredients.
","
Drowsiness, tiredness, Dry mouth, Stomach pain.
",1,1000,26
https://static.servaid.com.pk/product/bulk/003126.jpg,Avil 50MG Tab 2x50 (L),"Pheniramine Maleate Inj, Syp & Tabs
Sanofi",Rs. 58/Pack,"With the change in weather, allergies are on the rise. Be it skin allergies or influenza; both can be quite unpleasant and troublesome. Those who usually suffer from allergies know that it can render you utterly dysfunctional and irritated.

READ MORE","
Before taking any medications, several precautions must be taken to avoid any mishaps or health hazards. Medications are taken carelessly often prove fatal and can even cause death in some cases.Avil tablets must not be consumed on an empty stomach, with alcohol, during pregnancy, or breastfeeding. It should not come by men who suffer from an enlarged prostate gland. Otherwise, it may cause pain while urinating. Individuals with asthma, bronchitis, increased eye pressure, and cardiac disease should inform their physician of appropriate prescriptions or dosages. The use of medicine should be avoided before or during driving, as it can cause sedation. In the case of an underlying liver or kidney disease, a physician should be consulted first.Avil must not be combined with the following drugs, as it could prove fatal; MAO inhibitorsSedativesAntibioticsRelaxantsNarcotics or alcohol.Cortisol The medication must be taken on time and as prescribed by the doctor to avoid overdose, which may result in tremors (shivering or vibrations in the body) and even seizures. 
","
Some tablets do not sit well with individuals for various reasons. Hence they might cause unease or side effects varying from person to person. These side effects may be due to some underlying health conditions, conditions under which they are taken, or reactions with other medications that one might be consuming. However, these side effects range from mild to chronic and must be taken into account to ensure the safety of health. Avil tablet side effects usually include drowsiness, decreased or irregular heart rate or bradycardia, lack of coordination, sleepiness, sensations of nausea. The side effects might get extreme in the case of avil tablet overdose or reactions. Such side effects include decreased motor ability like confusion, extreme dizziness and hallucinations, and palpitations. If the side effects do not subside, become extreme, or if one has overdosed, then the physician must be immediately contacted even in the case of no apparent side effects, or the individual may be rushed to the nearest hospital.
",1,1000,26
https://static.servaid.com.pk/product/bulk/014902.jpg,Softin F 60MG Tab 1x10 (L),"Fexofenadine
Platinum",Rs. 58.5/Pack,"Fexofenadine is used to relieve Allergy symptoms such as Watery eyes, Runny nose, Itching eyes/nose, Sneezing, Hives, and Itching.","
Should be used with caution in patients with Kidney diseases or allergic to Fexofenadine.
","
Cough, Fever, Stomach upset or Allergic reactions may occur.
",1,1000,26
https://static.servaid.com.pk/product/bulk/005301.jpg,Zyrtec 60ML Syp,"Cetirizine
AGP",Rs. 64.69/Pack,"It is used to treat Allergies such as watery eyes, runny nose, itching eyes/nose, sneezing, hives, and itching.","
Use with caution having difficulty urinating (due to an enlarged prostate), Kidney disease, Liver disease, Glaucoma or while using (MAO inhibitors). It is not recommended if hypersenstive to the ingredients.
","
Drowsiness, tiredness, Dry mouth, Stomach pain.
",1,1000,26
https://static.servaid.com.pk/product/bulk/004581.jpg,Belair 5MG Tab 1x10 (L),"Levocetirizine
Bayer",Rs. 65.8/Pack,"Bayer Pharma ltd manufactures Belair tablets. Belair tablet composition consists of levocetirizine and belongs to the category of medicines used for the treatment of allergy.

Belair tablet working

Belair tablet works by blocking the

READ MORE","
Belair tablet precautions are listed below.Before you start the treatment of Belair tablet, you should inform your doctor.If you are suffering from a lung infection.If you are following any other prescription at the same time.If you have a hypersensitivity problem from the components used in the Belair tablet composition.If you are taking any type of supplement.If you are pregnant.Belair tablets in pregnancy should be taken only when necessary.Avoid the consumption of alcohol while taking this medication.Tell your doctor/Pharmacist your medical history of Difficulty urinating due to an enlarged prostate, Kidney disease. During pregnancy, this medication should be used only when clearly needed.
","
Some of the Belair tablet side effects are given below.The common side effects caused by taking Belair tablets are dry mouth, tiredness, drowsiness, and dizziness.It may cause cough, flu, fever, ear infection, lung infection, headache, and sore throat.It can also cause stomach pain, diarrhea, depression, irritability, edema, itchy skin, joint pain, muscle cramps, and aggressive behavior.It can also cause tremors, suicidal thoughts, and skin bruises.Drowsiness, Tiredness, Dry mouth, Fever or cough may occur.
",1,1000,26
https://static.servaid.com.pk/product/bulk/003510.jpg,Sedil 60ML Syp,"Cetirizine
Sami",Rs. 66.26/Pack,"It is used to treat Allergies such as watery eyes, runny nose, itching eyes/nose, sneezing, hives, and itching.","
Use with caution having difficulty urinating (due to an enlarged prostate), Kidney disease, Liver disease, Glaucoma or while using (MAO inhibitors). It is not recommended if hypersenstive to the ingredients.
","
Drowsiness, tiredness, Dry mouth, Stomach pain.
",1,1000,26
https://static.servaid.com.pk/product/bulk/004982.jpg,Xyzal 5MG Tab 1x10 (L),"Levocetirizine
UCB",Rs. 67/Pack,"Xyzal tablet contains Levocetirizine.  Levocetirizine is an antihistamine used to alleviate allergy symptoms such as watery eyes, runny nose, itchy eyes/nose, and sneezing. It may help reduce itching and hives, too. When you have an all

READ MORE","
It is necessary for you to tell your doctor that you’re using procyclidine. They might want to check first about your body reactions towards this drug and how it responds to it. Inactive ingredients might also cause side effects that may be minor or major. Learn more by talking to your pharmacistKeep in check your blood sugar levels and your blood pressure levels and if you experience any problem, stop using the medicine and consult your doctor. Caution is used against sharp objects such as nail cutters to avoid contact sports and reduce the risk of being cut, bruised or hurt. Tell your dentist or doctor all you use before the procedure (including prescription drugs, nonprescription drugs, and herbal products).Tell your doctor/Pharmacist your medical history of Difficulty urinating due to an enlarged prostate, Kidney disease. During pregnancy, this medication should be used only when clearly needed.
","
Report any side effects such asa decrease in sexual functionsevere abdominal paindifficult or painful swallowinga weak urinary stream If you have any severe side effects, such as chest paindizzinessfeverIncreased heart rateMood swings that might lead to depressionDecreased vision and puffiness around eyesInstantly medical help right away.Only if you might feel any kind of discomfort or an allergic reaction might start to happen. Such as a rash, itching/sweating, severe dizziness, trouble breathing; you should get medical help straight away. You may have some kind of symptoms. Immediately consult your doctor and inform them about your condition: rash, itching, swells (particularly facial/language, threat), serious dizziness, breathing difficulties.This list of potential side effects is not complete. In case you don’t significantly notice any changes or side effects that have been mentioned. Drowsiness, Tiredness, Dry mouth, Fever or cough may occur.
",1,1000,26
https://static.servaid.com.pk/product/bulk/000800.jpg,Lixer 5MG Tab 1x10 (L),"Levocetirizine
Barrett",Rs. 68.3/Pack,"Levocetirizine is used to relieve allergy symptoms such as Watery eyes, Runny nose, Itching Eyes/Nose, and sneezing.","
Tell your doctor/Pharmacist your medical history of Difficulty urinating due to an enlarged prostate, Kidney disease. During pregnancy, this medication should be used only when clearly needed.
","
Drowsiness, Tiredness, Dry mouth, Fever or cough may occur.
",1,1000,26
https://static.servaid.com.pk/product/bulk/006721.jpg,Cetrix 10MG Tab 1x20 (L),"Cetirizine
Saffron",Rs. 68.2/Pack,"It is used to treat Allergies such as watery eyes, runny nose, itching eyes/nose, sneezing, hives, and itching.","
Use with caution having difficulty urinating (due to an enlarged prostate), Kidney disease, Liver disease, Glaucoma or while using (MAO inhibitors). It is not recommended if hypersenstive to the ingredients.
","
Drowsiness, tiredness, Dry mouth, Stomach pain.
",1,1000,26
https://static.servaid.com.pk/product/bulk/003295.jpg,Ronex 10MG Tab 1x14 (L),"Cetirizine
Hilton",Rs. 72.8/Pack,"It is used to treat Allergies such as watery eyes, runny nose, itching eyes/nose, sneezing, hives, and itching.","
Use with caution having difficulty urinating (due to an enlarged prostate), Kidney disease, Liver disease, Glaucoma or while using (MAO inhibitors). It is not recommended if hypersenstive to the ingredients.
","
Drowsiness, tiredness, Dry mouth, Stomach pain.
",1,1000,26
https://static.servaid.com.pk/product/bulk/002491.jpg,Atarax 25MG Tab 2x25 (L),"Hydroxyzine
AGP",Rs. 73/Pack,Hydroxyzine is used to treat Itching caused by allergies.,"
Tell your doctor or pharmacist your medical history of, Emphysema, Asthma, Glaucoma, High blood pressure, Kidney problems, Liver problems, Seizures, Stomach/Intestine problems (such as Ulcer, Blockage), Hyperthyroidism, Difficulty urinating due to Enlarged prostate.
","
Drowsiness, Dizziness, Blurred vision, Constipation, or Dry mouth may occur.
",1,1000,26
https://static.servaid.com.pk/product/bulk/005669.jpg,Neo-Sedil 5MG Tab 1x10 (L),"Levocetirizine
Sami",Rs. 73.9/Pack,"Sedil tablets belong to the category of medications known as anti-allergens. It is used to treat seasonal infections and allergies. The generic name of this medication is Levocetirizine. It works by blocking the activity of histamine, a hormone r

READ MORE","
Before taking the medication, inform the doctor about your complete medical history.In case you are allergic to any of the substances present in the medication, do not take the medication.Inform the doctor about all the allergies that you are suffering from.Excessive use of this medication can cause damage to the kidneys, lungs, or liver. This medication may cause changes to your menstrual cycle. Do not take it for prolonged periods.In case you feel any discomfort, immediately seek medical assistance.This medication is not considered safe for children under the age of 12 years.This medication may make the renal disease even worse.Keep this medication away from children.Keep it stored in a cool and dry place.It is not considered safe for patients suffering from respiratory disorders such as asthma.Tell your doctor/Pharmacist your medical history of Difficulty urinating due to an enlarged prostate, Kidney disease. During pregnancy, this medication should be used only when clearly needed.
","
Likewise, every other medication. This medicine also has some side effects. Some of the side effects are caused by the over-dosage or due to the allergic reaction from any of the substances present in the medication. Following are some of the side effects associated with the use of this medication.Lethargy or AgitationFatigue or WeaknessBlurry visionDrowsinessIrritable Bowel Syndrome such as diarrheaHeadache HypersomniaLow blood pressure or hypotension problem in some patientsDryness of mouth or allergic throatNauseous feeling or vomitingFever or high temperatureSensation in the earsNightmares or hallucinationGastrointestinal reflux or stomach crampingFatigue or tirednessShortness of breath or irregular heartbeatHigh pulse rateFeelings of thirst Urinary retention or Urinary tract infectionsSoreness of throat 
",1,1000,26
https://static.servaid.com.pk/product/bulk/011014.jpg,Lorel 10MG Tab 1x10 (L),"Loratadine
Standpharm",Rs. 73.9/Pack,"This medication treats symptoms such as Itching, Runny nose, Watery eyes, and Sneezing from ""Hay fever"" and other allergies.","
Consult your doctor first if you have certain medical conditions such as, Kidney disease, Liver disease. This medication passes into breast milk. However, it is unlikely to harm a nursing infant. During pregnancy, this medication should be used only when clearly needed.
","
This drug usually has no side effects, Allergic reactions may occur such as severe Dizziness, Trouble breathing, Angioedema.
",1,1000,26
https://static.servaid.com.pk/product/bulk/003158.jpg,Rhilor D 10MG/60MG Tab 1x10 (L),"Loratadine and Pseudoephedrine
Pharmatec",Rs. 75.2/Pack,"This medication treats symptoms such as Itching, Runny nose, Watery eyes, and Sneezing from ""Hay fever"" and other allergies.","
Consult your doctor first if you have certain medical conditions such as, Kidney disease, Liver disease. This medication passes into breast milk. However, it is unlikely to harm a nursing infant. During pregnancy, this medication should be used only when clearly needed.
","
This drug usually has no side effects, Allergic reactions may occur such as severe Dizziness, Trouble breathing, Angioedema.
",1,1000,26
https://static.servaid.com.pk/product/bulk/040244.jpg,T-Day 5MG Tab 1x10 (L),"Levocetirizine dihydrochloride
Loreal new",Rs. 75.3/Pack,"T-DAY 5mg tablets contain an active ingredient ""levocetirizine HCL"" which is an antihistamine drug and used to treat allergies.","
Keep it out of the reach of children. Store it below the room temperature i.e. below 25 degrees Celsius. Consult a doctor if you’re hypersensitive to any of its ingredients. Do not take overdose, always take it in a recommended dose.
","
No side effects are reported. Consult a doctor if it causes digestive problems i.e. gas, bloating, abdominal pain, GERD (gastroesophageal reflux disease), vomiting, nausea, or diarrhea, etc. Allergic reactions may occur i.e. skin itching, rashes, irritations, redness, & inflammation/swelling, etc. Other effects are drowsiness, dizziness, sleepiness, headache, etc.
",1,1000,26
https://static.servaid.com.pk/product/bulk/000638.jpg,Leozin 5MG Tab 1x10 (L),"Levocetirizine
Hilton",Rs. 79.3/Pack,"Levocetirizine is used to relieve allergy symptoms such as Watery eyes, Runny nose, Itching Eyes/Nose, and sneezing.","
Tell your doctor/Pharmacist your medical history of Difficulty urinating due to an enlarged prostate, Kidney disease. During pregnancy, this medication should be used only when clearly needed.
","
Drowsiness, Tiredness, Dry mouth, Fever or cough may occur.
",1,1000,26
https://static.servaid.com.pk/product/bulk/036017.jpg,T-Day 90ML Syp,"Levocetirizine
Herbiotics",Rs. 85.95/Pack,"T-day syrup generically named levocetirizine is a medicine used to cure or relieve allergy symptoms such as itching, watery eyes, sneezing and running nose. 

The T-day syrup is used to get relief from itching and hives. 

The

READ MORE","
Consumption of this T-day syrup must be done according to the prescription of a doctor. Moreover, let your doctor know about your medical history or another skin issue. Do let your doctor know about your pregnancy if there is. Do not use the T-day syrup during driving as this causes dizziness which may lead to an accident.Moreover,If you are allergic to levocetirizine, then you must tell to doctor or pharmacist.Consult to doctor if you have or ever have had kidney disease before taking T-day syrup.T day syrup may make you drowsy so avoid driving and operating machinery until and unless you know how this medicine affects you.
","
IN spite of the treatment by T-day syrup, there are some side effects of T-day syrup:These side effects happen in more than 1 in 100 people. So it's not a thing to get worried about, and medicine should be stopped, rather these might occur due to overdose or through not taking measures.Common side effectsDry mouthFatigueSore throatRunny noseDrowsinessRestlessnessNauseaVomitingLoss of appetiteNervousnessInability to sleepIrritabilityChills Headache Other side effectsSedation, dizziness, shakiness, diarrhoea, constipation, fast heart rate, low blood pressure, urinary retention, blurred vision, sweating, wheezing, faintness, and numbness.Rare side effectsYellowing of skin and eyes, some allergic and neurologic reactions such as swelling of akin, hypersensitivity and hallucinations and dizziness.
",1,1000,26
https://static.servaid.com.pk/product/bulk/005032.jpg,Zatofen 60ML Syp,"Ketotifen, Oral
Sandoz",Rs. 98.51/Pack,"Children are susceptible to catching a cold, flu, or seasonal allergies than adults. They may experience symptoms like nasal congestion, itchy skin, excessive sneezing, running nose, or irritation in the eye. To prevent this from occurring, antih

READ MORE","
Consult your doctor or pharmacist before taking it for the duration and dosage of the treatment.Check your previous history of having an allergic reaction or pre-existing disease associated with the ingredient of Zatofen syrup.Do not change your dosage unless your doctor or pharmacist tells you to do so.Pregnant women are not advised to take it.Wait for 10 minutes to use another medication after using Zatofen Syrup.
","
Along with numerous benefits, Zatofen syrup may also cause some possible side effects such as: GIT upsetBladder PainDark/ Blood coloured urine.Dry mouthDrowsinessHeadacheRashDizzinessWeight may also occur.Trouble breathingTrouble sleepingNervousnessAllergic Reactions If any of these symptoms aggravate or prolonged, one should immediately check with their doctor or pharmacist and seek professional medical help.
",1,1000,26
https://static.servaid.com.pk/product/bulk/035638.jpg,Fiofen 60MG Tab 1x10 (L),"Fexofenadine
Safrin",Rs. 98.8/Pack,"Fexofenadine is used to relieve Allergy symptoms such as Watery eyes, Runny nose, Itching eyes/nose, Sneezing, Hives, and Itching.","
Should be used with caution in patients with Kidney diseases or allergic to Fexofenadine.
","
Cough, Fever, Stomach upset or Allergic reactions may occur.
",1,1000,26
https://static.servaid.com.pk/product/bulk/008243.jpg,Fexo 60MG Tab 1x10 (L),"Fexofenadine
Hilton",Rs. 113.4/Pack,"Fexofenadine is used to relieve Allergy symptoms such as Watery eyes, Runny nose, Itching eyes/nose, Sneezing, Hives, and Itching.","
Should be used with caution in patients with Kidney diseases or allergic to Fexofenadine.
","
Cough, Fever, Stomach upset or Allergic reactions may occur.
",1,1000,26
https://static.servaid.com.pk/product/bulk/008251.jpg,Fifex 120MG Tab 1x10 (L),"Fexofenadine
Shaigan",Rs. 116.4/Pack,"Fexofenadine is used to relieve Allergy symptoms such as Watery eyes, Runny nose, Itching eyes/nose, Sneezing, Hives, and Itching.","
Should be used with caution in patients with Kidney diseases or allergic to Fexofenadine.
","
Cough, Fever, Stomach upset or Allergic reactions may occur.
",1,1000,26
https://static.servaid.com.pk/product/bulk/014903.jpg,Softin F 120MG Tab 1x10 (L),"Fexofenadine
General",Rs. 123.2/Pack,"Fexofenadine is used to relieve Allergy symptoms such as Watery eyes, Runny nose, Itching eyes/nose, Sneezing, Hives, and Itching.","
Should be used with caution in patients with Kidney diseases or allergic to Fexofenadine.
","
Cough, Fever, Stomach upset or Allergic reactions may occur.
",1,1000,26
https://static.servaid.com.pk/product/bulk/001329.jpg,Aria 1MG Tab 3x10 (L),"Ketotifen, Oral
Highnoon",Rs. 124.5/Pack,It is used as a long-term (maintenance) treatment in children to prevent or decrease Wheezing and Troubled breathing caused by allergic-type Asthma.,"
It may increase the effects of sedatives, anti-histamines, medicines used to treat depression or anxiety, anticoagulants to reduce the ability of the blood to clot and alcohol.
","
It can cause Drowsiness, Increased appetite/weight, Irritability, Trouble sleeping, and Nervousness may occur. Infrequent side effects include temporary dry mouth or slight dizziness.
",1,1000,26
https://static.servaid.com.pk/product/bulk/014857.jpg,Rigix 120ML Syp,"Cetirizine
Calgan Phy",Rs. 124.76/Pack,"It is used to treat Allergies such as watery eyes, runny nose, itching eyes/nose, sneezing, hives, and itching.","
Use with caution having difficulty urinating (due to an enlarged prostate), Kidney disease, Liver disease, Glaucoma or while using (MAO inhibitors). It is not recommended if hypersenstive to the ingredients.
","
Drowsiness, tiredness, Dry mouth, Stomach pain.
",1,1000,26
https://static.servaid.com.pk/product/bulk/035818.jpg,Xadine 60MG Tab 2x10 (L),"Fexofenadine
Genix",Rs. 130.6/Pack,"Fexofenadine is used to relieve Allergy symptoms such as Watery eyes, Runny nose, Itching eyes/nose, Sneezing, Hives, and Itching.","
Should be used with caution in patients with Kidney diseases or allergic to Fexofenadine.
","
Cough, Fever, Stomach upset or Allergic reactions may occur.
",1,1000,26
https://static.servaid.com.pk/product/bulk/012067.jpg,Alergo 10MG Tab 3x10 (L),"Cetirizine
CCL",Rs. 138.6/Pack,"It is used to treat Allergies such as watery eyes, runny nose, itching eyes/nose, sneezing, hives, and itching.","
Use with caution having difficulty urinating (due to an enlarged prostate), Kidney disease, Liver disease, Glaucoma or while using (MAO inhibitors). It is not recommended if hypersenstive to the ingredients.
","
Drowsiness, tiredness, Dry mouth, Stomach pain.
",1,1000,26
https://static.servaid.com.pk/product/bulk/004052.jpg,Telfast 60MG Tab 1x10 (L),"Fexofenadine
Sanofi",Rs. 148.6/Pack,"Fexofenadine is used to relieve Allergy symptoms such as Watery eyes, Runny nose, Itching eyes/nose, Sneezing, Hives, and Itching.","
Should be used with caution in patients with Kidney diseases or allergic to Fexofenadine.
","
Cough, Fever, Stomach upset or Allergic reactions may occur.
",1,1000,26
https://static.servaid.com.pk/product/bulk/036421.jpg,Deslavid 5MG Tab 1x10 (L),"Desloratadine
OphthPhrma",Rs. 150.5/Pack,"This medication is an antihistamine that treats symptoms such as itching, runny nose, watery eyes, and sneezing from ""hay fever"" and other allergies.","
Use with caution having kidney disease and liver disease.
","
No serious side effects observed.
",1,1000,26
https://static.servaid.com.pk/product/bulk/008252.jpg,Fifex 180MG Tab 1x10 (L),"Fexofenadine
Shaigan",Rs. 151.1/Pack,"Fexofenadine is used to relieve Allergy symptoms such as Watery eyes, Runny nose, Itching eyes/nose, Sneezing, Hives, and Itching.","
Should be used with caution in patients with Kidney diseases or allergic to Fexofenadine.
","
Cough, Fever, Stomach upset or Allergic reactions may occur.
",1,1000,26
https://static.servaid.com.pk/product/bulk/000406.jpg,Kartilerg 5ML Eye Drops,"Ketotifen, Eye
Vega Nutra",Rs. 158.36/Pack,This medication is used to prevent and treat Itching of the eyes caused by Allergies (Allergic/Seasonal conjunctivitis).,"
Tell your doctor/Pharmacist your medical history of Glaucoma. Do not drive, use machinery, or do any activity that requires clear vision until you are sure you can perform such activities safely.
","
Burning/Stinging/Irritation of the eye, Headache, Stuffy/Runny nose, Bad taste in your mouth, and Increased sensitivity to light may occur.
",1,1000,26
https://static.servaid.com.pk/product/bulk/014904.jpg,Softin F 180MG Tab 1x10 (L),"Fexofenadine
Standpharm",Rs. 159.4/Pack,"Fexofenadine is used to relieve Allergy symptoms such as Watery eyes, Runny nose, Itching eyes/nose, Sneezing, Hives, and Itching.","
Should be used with caution in patients with Kidney diseases or allergic to Fexofenadine.
","
Cough, Fever, Stomach upset or Allergic reactions may occur.
",1,1000,26
https://static.servaid.com.pk/product/bulk/005303.jpg,Zyrtec 10MG Tab 2x15 (L),"Cetirizine
AGP",Rs. 175.5/Pack,"Zyrtec tablet is an effective tablet that is used to treat the allergies like irritation of the eyes, itching of the skin, watery eyes, itching of the throat, sneezing, skin rash (hive) and running nose. The generic name of the Zyrtec is Cetirizi

READ MORE","
Before taking medicine, the following are the points to consider:while using machinery be careful: Despite the fact that cetirizine doesn't generally cause sleepiness, a few people react differently when using it, particularly in the first few dosages.Checking of the ingredients: Before using the Zyrtec tablet, do check the ingredients used in it as some people may have an allergic reaction to it or are hypersensitive. Additionally, avoid cetirizine in case any patient is allergic to an antihistamine that carries hydroxyzine.During pregnancy use caution: Before using this tablet, consult a doctor or talk to the health care provider if the patient is pregnant or breastfeeding. Well and effectively controlled studies tell using this tablet is generally safe and is protected during pregnancy.It is examined and acceptable generally. Controlled examinations in pregnant ladies show no proof of fetal danger. If a pregnant woman accidentally takes medicine ought not to create any harm or consequences for the baby (embryo).Consult a doctorIf the patient has any kidney and liver disease so they should get some information from them about taking Zyrtec, they may suggest taking not more than the usual dosage but less than it.Moreover, for diabetes patients, caution is advised, as the fluid products may contain sugar. Get some information from a pharmacist or doctor before using it safely.CautionTry not to drive your vehicle or use any machinery, till the patient should be sure about how their body will react to this medicine.The patient should avoid narcotics, tranquillizers, and alcohol due to the higher risk of tiredness and drowsiness. However, it may cause depression; people should avoid mental alertness activities until acquainted with medicine.Renal debilitation and hepatic use caution. It will be more sensitive for elderly people.Before using the tablet to treat yourself, it is very important to read all the directions on the tablet package. If still there is any confusion about it, it is necessary to consult any pharmacist. If any doctor has prescribed this tablet so should take it as suggested.
","
Every medicine has its side effects; the side effects of the Zyrtec are:feeling abnormally sleep (Drowsiness)Feel tired all day (Tiredness)Dryness of mouthStomach pain especially in ChildrenVomitingDiarrhoeaheadacheweaknessBleeding of noseSour throatCan cause dizzinessCan cause fatigueLow blood pressureIf the condition is getting worse, then the patient should consult a doctor.
",1,1000,26
https://static.servaid.com.pk/product/bulk/003210.jpg,Rigix 10MG Tab 2x15 (L),"Cetirizine
AGP",Rs. 186.3/Pack,"Rigix is a medicine that has been manufactured by AGP pharmaceutical Limited. Rigix is a trustworthy medicine because it belongs to a company that has been working in Pakistan for almost 31 years, and the AGP pharmaceutical company has got a wide

READ MORE","
Temperature Do not store this medicine at a temperature above 30 degrees Celsius. If this medicine has been kept at a temperature above 30 degrees Celsius, then it should not be consumed. Heat and moisture Keep this medicine away from direct sunlight, direct heat, and direct moisture because it will badly affect this medicine. Away from minors This medicine should be kept away from children and minors. This medicine should not be given to the kids.Rigix in Pregnancy There is a study done on pregnant women using Rigix Tablet. So this is why it should not be given to pregnant women.
","
Apart from the positive effects of the rigix tablet, there can be some adverse effects of Rigix as well. The major side effects of consuming Rigix Tablets are as follows. Dry Mouth As rigix medicine 10 mg contains cetirizine dihydrochloride, it can cause dry mouth. Drinking plenty of water after consuming this tablet can help get rid of dry mouth.Drowsiness Drowsiness and tiredness of the most common side-effect of Rigix. The patient's body will feel tired after the consumption of rigix tablets.Stomach Pain Stomach pain is not a very common side effect of Rigix. This side effect depends on the metabolism of the patient. Mostly people having weak metabolism, and children might feel stomach pain after consuming Regix Tablet.
",1,1000,26
https://static.servaid.com.pk/product/bulk/035637.jpg,Fiofen 120MG Tab 1x10 (L),"Fexofenadine
Hair Energ",Rs. 190.3/Pack,"Fexofenadine is used to relieve Allergy symptoms such as Watery eyes, Runny nose, Itching eyes/nose, Sneezing, Hives, and Itching.","
Should be used with caution in patients with Kidney diseases or allergic to Fexofenadine.
","
Cough, Fever, Stomach upset or Allergic reactions may occur.
",1,1000,26
https://static.servaid.com.pk/product/bulk/008241.jpg,Fexo 120MG Tab 1x10 (L),"Fexofenadine
Hilton",Rs. 195.4/Pack,"Fexofenadine is used to relieve Allergy symptoms such as Watery eyes, Runny nose, Itching eyes/nose, Sneezing, Hives, and Itching.","
Should be used with caution in patients with Kidney diseases or allergic to Fexofenadine.
","
Cough, Fever, Stomach upset or Allergic reactions may occur.
",1,1000,26
https://static.servaid.com.pk/product/bulk/003121.jpg,Avil 25MG Tab 5x50 (L),"Pheniramine Maleate Inj, Syp & Tabs
Sanofi",Rs. 200/Pack,"It is used for Allergic rhinitis, Itchy and Runny nose, Sneezing, Eye irritation, Motion sickness, angioedema, dermatitis, hay fever, urticaria, vasomotor rhinitis etc.","
Use with caution in patient with Eye disease, Hypertension, Diabetes and Thyroid patients. Please consult your doctor when taking this medicine if you are pregnant.
","
It can cause Back pain, Dizziness, Cough, Hallucinations, Dry mouth, Hyperthermia etc.
",1,1000,26
https://static.servaid.com.pk/product/bulk/000455.jpg,Ketot 5ML Eye Drops,"Ketotifen, Eye
Schazoo",Rs. 207.95/Pack,This medication is used to prevent and treat Itching of the eyes caused by Allergies (Allergic/Seasonal conjunctivitis).,"
Tell your doctor/Pharmacist your medical history of Glaucoma. Do not drive, use machinery, or do any activity that requires clear vision until you are sure you can perform such activities safely.
","
Burning/Stinging/Irritation of the eye, Headache, Stuffy/Runny nose, Bad taste in your mouth, and Increased sensitivity to light may occur.
",1,1000,26
https://static.servaid.com.pk/product/bulk/008242.jpg,Fexo 180MG Tab 1x10 (L),"Fexofenadine
Hilton",Rs. 246.4/Pack,"Fexofenadine is used to relieve Allergy symptoms such as Watery eyes, Runny nose, Itching eyes/nose, Sneezing, Hives, and Itching.","
Should be used with caution in patients with Kidney diseases or allergic to Fexofenadine.
","
Cough, Fever, Stomach upset or Allergic reactions may occur.
",1,1000,26
https://static.servaid.com.pk/product/bulk/004050.jpg,Telfast 120MG Tab 1x10 (L),"Fexofenadine
Sanofi",Rs. 247.5/Pack,"Telfast tablets belong to the class of medicines containing an active ingredient known as fexofen hydrochloride. This class is known by the name of antihistamines. This medicine works by reducing and preventing the symptoms of a substance called

READ MORE","
Some of the Telfast tablet precautions are described below.You must consult with the doctor before giving it to any child and also discuss the child's past medical history.Before taking this medicine, check the ingredients, and take notice that are you allergic to any ingredients. If yes, then do not take this medicine.Check the expiry date of the medicine, either taking it or giving it to the child.If you are suffering from low blood pressure, any antibiotic disease, HIV infection, then before taking this medicine, take a suggestion from the doctor and then do whatever the doctor suggests you.
","
Some of the side effects of Telfast medicines are described below one by one.By taking this medicine, you will feel sick, have headaches, and dry mouth. The other rare and serious side effect of Telfast medicine occur, then immediately consult the doctor.
",1,1000,26
https://static.servaid.com.pk/product/bulk/005555.jpg,Fexet 60MG Tab 2x10 (L),"Fexofenadine
Getz",Rs. 249.4/Pack,"Fexofenadine is used to relieve Allergy symptoms such as Watery eyes, Runny nose, Itching eyes/nose, Sneezing, Hives, and Itching.","
Should be used with caution in patients with Kidney diseases or allergic to Fexofenadine.
","
Cough, Fever, Stomach upset or Allergic reactions may occur.
",1,1000,26
https://static.servaid.com.pk/product/bulk/035817.jpg,Xadine 120MG Tab 2x10 (L),"Fexofenadine
CCL",Rs. 273.6/Pack,"Fexofenadine is used to relieve Allergy symptoms such as Watery eyes, Runny nose, Itching eyes/nose, Sneezing, Hives, and Itching.","
Should be used with caution in patients with Kidney diseases or allergic to Fexofenadine.
","
Cough, Fever, Stomach upset or Allergic reactions may occur.
",1,1000,26
https://static.servaid.com.pk/product/bulk/015004.jpg,Fexofin 120MG Tab 3x10 (L),"Fexofenadine
Sanofi",Rs. 341.7/Pack,"Fexofenadine is used to relieve Allergy symptoms such as Watery eyes, Runny nose, Itching eyes/nose, Sneezing, Hives, and Itching.","
Should be used with caution in patients with Kidney diseases or allergic to Fexofenadine.
","
Cough, Fever, Stomach upset or Allergic reactions may occur.
",1,1000,26
https://static.servaid.com.pk/product/bulk/004051.jpg,Telfast 180MG Tab 1x10 (L),"Fexofenadine
Sanofi",Rs. 346.6/Pack,"Fexofenadine is used to relieve Allergy symptoms such as Watery eyes, Runny nose, Itching eyes/nose, Sneezing, Hives, and Itching.","
Should be used with caution in patients with Kidney diseases or allergic to Fexofenadine.
","
Cough, Fever, Stomach upset or Allergic reactions may occur.
",1,1000,26
https://static.servaid.com.pk/product/bulk/035816.jpg,Xadine 180MG Tab 2x10 (L),"Fexofenadine
Nutrifactr",Rs. 353.8/Pack,"Fexofenadine is used to relieve Allergy symptoms such as Watery eyes, Runny nose, Itching eyes/nose, Sneezing, Hives, and Itching.","
Should be used with caution in patients with Kidney diseases or allergic to Fexofenadine.
","
Cough, Fever, Stomach upset or Allergic reactions may occur.
",1,1000,26
https://static.servaid.com.pk/product/bulk/003109.jpg,Avil 2ML Inj 1x50 (L),"Pheniramine Maleate Inj, Syp & Tabs
Sanofi",Rs. 395.5/Pack,"Avil Injection is known as one of the most trusted anti-allergic medicine, and the popularity of this medicine is especially because of its extreme effectiveness against severe symptoms and reactions of certain medicines, including swelling and r

READ MORE","
You must always consult your doctor about the current list of medicine that you are using before using this medicine because the long-term use of this medicine might cause some serious side effects and symptoms. If you are suffering from allergies or pre-existing diseases, then you should try not to use this medicine. It's also advised not to use this medicine if you are using vitamins and herbal supplements without the prescription of a doctor. For pregnant women, it is strongly prescribed not to use this medicine. The Avil Injection dosage is generally prescribed by the doctor, and most of the time, it is also written on the package of this medicine. So, try not to overdose on this medicine. 
","
Most of the Avil Injection side effects generally don't need any kind of medical attention because they disappear as your body adjusts to this medicine, but if you feel any kind of long-lasting side effect then you must consult your doctor. Some of the side effects of using this medicine or listed below: The most common side effect is sleepiness which is largely recorded among those people who are regularly using this medicine.The symptoms of drowsiness and dizziness are also included in the list of some common side effects.It also results in nausea and vomiting, but these are the side effects that can be ignored, if you suffer from these side effects in a long run then you must consult your pharmacist or doctor.The Avil Injection alternatives are also available out there in the market, and you must try to use them if you suffer from loss of appetite and abdominal pain after consulting your doctor.It also results in Constipation along with dry mouth and headache.The symptoms of blurred vision and ringing in the ear are some of the serious side effects which should always be consulted in order to get the best possible alternative.
",1,1000,26
https://static.servaid.com.pk/product/bulk/005553.jpg,Fexet 120MG Tab 2x10 (L),"Fexofenadine
Getz",Rs. 399.2/Pack,"Fexet tablets are manufactured by the company Getz Pharma Company Pakistan LTD. These tablets are composed of Fexofenadine and belong to the category of allergy. Fexet tablets are used to alleviate allergic symptoms. The symptoms are itching, red

READ MORE","
Every medication has some inactive ingredients, which causes some severe allergic reactions or problems. As above, we say again that if you found a problem in your body, immediately seek medical attention. Tell your doctor about your medical history and especially about your kidney problems if you have. Before you having surgery tell your doctor which products you are containing, and do not use other medicine with this product without a doctor's recommendation.The tablets which are dissolving have aspartame, and the liquid product contains sugar.If you have diabetes, avoid this medication. During pregnancy, take this medication when it is needed. Consultation with a doctor is necessary before taking every medicine.
","
Every medication has benefits and side effects. It depends on the condition and body of a person. If you are using the medication without the doctor's consultation, it harms your body. Many side effects occur from this medicine when you are not following the directions, and they are;Skin RashDizzinessHeadacheBackacheDryness in MouthMenstruation PainThroat irritationVomitingLow EnergyPain in MusclesSinusesTissues liningIndigestionThese side effects have less reaction to the human body. It does not harm the body, and if you find these reactions in your body, immediately seek medical attention. Here we have a list of some severe reactions caused by this medication, and they are;Ear infectionCommon ColdDrug ReactionsHivesAllergic reactionsThe list of the less severe reaction of this medication is as follows;CoughDifficulty in sleepingPainItchingCramps in StomachFeverEaracheEvery doctor consults medication after listening to all the medical history of the patient. To protect your life from these side effects, read and follow the instructions written on the leaflet. If your doctor prescribed you this medication, remember that they judge your medical condition. Many people are using this tablet, but it does not have any side effects. Immediately get medical help if you found other reactions, which are not available in the list. Cold, Rash, itching, redness, and high fever are the most common problems you can face by getting a high dosage of this medication. 
",1,1000,26
https://static.servaid.com.pk/product/bulk/002581.jpg,Piriton 4MG Tab 50x20 (L),"Chlorpheniramine Inj, Syp & Tabs
GSK",Rs. 420/Pack,"Allergies are caused by the release of Histamine in our bodies. Histamine is a chemical that is produced when the body reacts to a foreign substance; as a result, it causes inflammation. To control or prevent this inflammation, antihistamine drug

READ MORE","
Do not chew, crush, macerate, or break it.Take the tablet with water.The Dose and Frequency should be adjusted according to what your doctor prescribes.Take it regularly and if it is prescribed by your doctor.Piriton Tablet should not be given to women who are pregnant. Piriton Tablet should not be given to women who are lactating their infants
","
Piriton Tablet could be harmful to patients as it has numerous side effects such as Lymphatic system disorders, respiratory disorders, GIT disorders, Vascular disorders, Nervous system disorders, skin and subcutaneous disorders, renal and urinary disorders. The most common side effect: sedation, somnolence, disturbance in attention, abnormal coordination, dizziness, headache, blurred visionOthers include: hemolytic anaemia, blood dyscrasiasallergic reactions, angioedemaanaphylactic reactionsanorexiathickening of bronchial secretionsnausea dry mouthvomitingpalpitations, tachycardia, arrhythmiasHypotensionabdominal pain, diarrhoea, dyspepsiahepatitisJaundice Exfoliative dermatitis, rash, urticariaMuscle twitchingurinary retentionConfusion, excitation, irritability, nightmares, depression
",1,1000,26
https://static.servaid.com.pk/product/bulk/015005.jpg,Fexofin 180MG Tab 3x10 (L),"Fexofenadine
General",Rs. 443.4/Pack,"Fexofenadine is used to relieve Allergy symptoms such as Watery eyes, Runny nose, Itching eyes/nose, Sneezing, Hives, and Itching.","
Should be used with caution in patients with Kidney diseases or allergic to Fexofenadine.
","
Cough, Fever, Stomach upset or Allergic reactions may occur.
",1,1000,26
https://static.servaid.com.pk/product/bulk/004420.jpg,Baydal Tab 20x5 (L),"Cetirizine
Bayer",Rs. 474/Pack,"It is used to treat Allergies such as watery eyes, runny nose, itching eyes/nose, sneezing, hives, and itching.","
Use with caution having difficulty urinating (due to an enlarged prostate), Kidney disease, Liver disease, Glaucoma or while using (MAO inhibitors). It is not recommended if hypersenstive to the ingredients.
","
Drowsiness, tiredness, Dry mouth, Stomach pain.
",1,1000,26
https://static.servaid.com.pk/product/bulk/005554.jpg,Fexet 180MG Tab 2x10 (L),"Fexofenadine
Getz",Rs. 494.4/Pack,"Fexofenadine is used to relieve Allergy symptoms such as Watery eyes, Runny nose, Itching eyes/nose, Sneezing, Hives, and Itching.","
Should be used with caution in patients with Kidney diseases or allergic to Fexofenadine.
","
Cough, Fever, Stomach upset or Allergic reactions may occur.
",1,1000,26
